Date,Vendor,Website,Score,Segment,Email,Touch,Sent,Status,Notes
,United Peptides,https://unitedpeptides.co.uk,75,,,,,live,
,UK Peptides,https://ukpeptides.com,55,,,,,live,
,Pure Peptides UK,https://purepeptidesuk.com,55,,,,,live,
,Research Peptides UK,https://researchpeptide.co.uk,55,,,,,live,
,Imperial Peptides UK,https://www.imperialpeptides.co.uk,55,,,,,live,
,The Peptide Company,https://thepeptidecompany.co.uk,55,,,,,live,
,Research Peptides,https://www.researchpeptides.co.uk,55,,,,,live,
,Kensington Labs UK,https://www.kensingtonlabs.co.uk,55,,,,,live,
,Biohack Peptides,https://biohackpeptides.co.uk,55,,,,,live,
,Bluewell Peptides,https://bluewellpeptides.com,55,,,,,live,
,ThePeptideCode,https://thepeptidecode.co.uk,55,,,,,live,
,Stratford Peptides,https://www.stratfordpeptides.com,55,,,,,live,
,Peptify UK,https://www.peptifyuk.com,55,,,,,live,
,Ascend Peptides UK,https://ascendpeptidesuk.com,55,,,,,live,
,OL Research,https://olresearch.co.uk,55,,,,,live,
,Regen Peptides,https://www.regenpeptides.co.uk,55,,,,,live,
,RETA UK,https://reta-uk.com,55,,,,,live,
,SupplyPeptides,https://supplypeptides.co.uk,55,,,,,live,
,BuyReta,https://www.buyreta.co.uk,55,,,,,live,
,Tide Labs,https://tidelabs.co.uk,45,,,,,live,
,Dr P Research,https://drpresearch.co.uk,45,,,,,live,
,Raccoon Peptides,https://www.raccoonpeptides.com,45,,,,,live,
,Peptides Lab UK,https://peptideslabuk.com,45,,,,,live,
,New Wave Peptides,https://newwavepeptides.co.uk,45,,,,,live,
,Anglo Peptides,https://anglopeptides.com,45,,,,,live,
,Peptides UK,https://peptidesuk.com,45,,,,,live,
,My Peptides,https://my-peptides.co.uk,45,,,,,live,
,Eva Peptide UK,https://evapeptide.co.uk,45,,,,,live,
,Be Better Peptides,https://bebetterpeptides.com,45,,,,,live,
,Peptigen Labs,https://peptigenlabs.co.uk,45,,,,,live,
,Premio Peptides,https://premiopeptides.co.uk,45,,,,,live,
,Nova Peptide,https://www.novapeptide.co.uk,45,,,,,live,
,Precision Peptides,https://precision-peptides.shop,45,,,,,live,
,Astra Labs,https://astralabs.co.uk,45,,,,,live,
,Octagon Peptides,https://octagonpeptides.co.uk,45,,,,,live,
,Polygon Peptides,https://polygonpeptides.co.uk,45,,,,,live,
,Bio Peptides UK,https://biopeptides-uk.com,45,,,,,live,
,Lab77 Peptides,https://lab77peptides.co.uk,45,,,,,live,
,Prime Peptides,https://www.prime-peptides.co.uk,45,,,,,live,
,UK Peptide Lab,https://ukpeptidelab.co.uk,45,,,,,live,
,Alphamino,https://alphamino.co.uk,45,,,,,live,
,FORM Peptides,https://formpeptides.co.uk,45,,,,,live,
,Flex Peptides,https://www.flexpeptides.co.uk,45,,,,,live,
,Crown Peptides,https://crownpeptides.co.uk,45,,,,,live,
,PGNA Labs,https://pgnalabs.co.uk,45,,,,,live,
,Trutide,https://trutide.co.uk,45,,,,,live,
,Tested Peptides,https://www.testedpeptides.co.uk,45,,,,,live,
,PeptidesX,https://www.peptidesx.uk,45,,,,,live,
,Peptides Online UK,https://www.peptidesonline.uk,45,,,,,live,
,Applied Peptides,https://appliedpeptides.com,40,,,,,live,
,Proforma Peptides,https://www.proformapeptides.co.uk,30,,,,,live,
,PeptX,https://peptx.co.uk,30,,,,,live,
,CMSR Labs,https://cmsrlabs.co,25,,,,,live,
,Express Peptides,https://www.expresspeptides.co.uk,20,,,,,live,
,XL Peptides,https://xlpeptides.com,20,,,,,live,
,Raw Peptides,https://rawpeptides.co.uk,20,,,,,live,
,Sterling Peptides,https://sterlingpeptides.co.uk,0,,,,,offline,
,Brit Peptides,https://britpeptides.co.uk,0,,,,,offline,
,Chroma Peptides,https://chromapeptides.co.uk,0,,,,,offline,
,Chilton Labs,https://chiltonlabs.co.uk,0,,,,,offline,
,Bio Pulse Peptides,https://biopulsepeptides.co.uk,0,,,,,offline,
